,2026-08-09 12:41:12.408
,2026-08-09 12:41:12.449
,2026-08-09 12:41:12.572
,2026-08-09 12:41:12.669
,2026-08-09 12:41:12.670
,2026-08-09 12:41:12.709
,2026-08-09 12:41:12.832
,2026-08-09 12:41:12.869
,2026-08-09 12:41:12.909
,2026-08-09 12:41:12.983
,2026-08-09 12:41:13.009
,2026-08-09 12:41:13.049
,2026-08-09 12:41:13.089
,2026-08-09 12:41:13.149
,2026-08-09 12:41:13.189
,2026-08-09 12:41:13.369
,2026-08-09 12:41:13.369
,2026-08-09 12:41:13.389
,2026-08-09 12:41:13.626
,2026-08-09 12:41:13.689
,2026-08-09 12:41:13.709
,2026-08-09 12:41:13.769
,2026-08-09 12:41:13.789
,2026-08-09 12:41:13.869
,2026-08-09 12:41:13.869
,2026-08-09 12:41:13.889
,2026-08-09 12:41:13.909
,2026-08-09 12:41:14.105
,2026-08-09 12:41:14.169
,2026-08-09 12:41:14.229
,2026-08-09 12:41:14.249
,2026-08-09 12:41:14.309
,2026-08-09 12:41:14.349
,2026-08-09 12:41:14.409
,2026-08-09 12:41:14.429
,2026-08-09 12:41:14.489
,2026-08-09 12:41:14.860
,2026-08-09 12:41:14.889
,2026-08-09 12:41:14.909
,2026-08-09 12:41:14.929
,2026-08-09 12:41:14.949
,2026-08-09 12:41:14.969
,2026-08-09 12:41:14.989
,2026-08-09 12:41:15.009
,2026-08-09 12:41:15.029
,2026-08-09 12:41:15.183
,2026-08-09 12:41:15.229
,2026-08-09 12:41:15.289
,2026-08-09 12:41:15.369
,2026-08-09 12:41:15.389
,2026-08-09 12:41:15.449
,2026-08-09 12:41:15.529
,2026-08-09 12:41:15.569
,2026-08-09 12:41:15.589
,2026-08-09 12:41:15.723
,2026-08-09 12:41:15.749
,2026-08-09 12:41:15.769
,2026-08-09 12:41:15.789
,2026-08-09 12:41:15.809
,2026-08-09 12:41:15.829
,2026-08-09 12:41:15.849
,2026-08-09 12:41:15.869
,2026-08-09 12:41:15.889
,2026-08-09 12:41:16.022
,2026-08-09 12:41:16.049
,2026-08-09 12:41:16.069
,2026-08-09 12:41:16.089
,2026-08-09 12:41:16.109
,2026-08-09 12:41:16.129
,2026-08-09 12:41:16.149
,2026-08-09 12:41:16.169
,2026-08-09 12:41:16.189
,2026-08-09 12:41:16.323
,2026-08-09 12:41:16.349
,2026-08-09 12:41:16.369
,2026-08-09 12:41:16.389
,2026-08-09 12:41:16.409
,2026-08-09 12:41:16.429
,2026-08-09 12:41:16.449
,2026-08-09 12:41:16.469
,2026-08-09 12:41:16.489
,2026-08-09 12:41:16.624
,2026-08-09 12:41:16.649
,2026-08-09 12:41:16.669
,2026-08-09 12:41:16.689
,2026-08-09 12:41:16.709
,2026-08-09 12:41:16.729
,2026-08-09 12:41:16.749
,2026-08-09 12:41:16.769
,2026-08-09 12:41:16.789
,2026-08-09 12:41:16.924
,2026-08-09 12:41:16.949
,2026-08-09 12:41:16.969
,2026-08-09 12:41:16.989
,2026-08-09 12:41:17.009
,2026-08-09 12:41:17.029
,2026-08-09 12:41:17.049
,2026-08-09 12:41:17.069
,2026-08-09 12:41:18.191
,2026-08-09 12:41:18.226
,2026-08-09 12:41:18.226
,2026-08-09 12:41:18.246
,2026-08-09 12:41:18.266
,2026-08-09 12:41:18.286
,2026-08-09 12:41:18.306
,2026-08-09 12:41:18.326
,2026-08-09 12:41:18.346
,2026-08-09 12:41:18.409
,2026-08-09 12:41:18.426
,2026-08-09 12:41:18.446
,2026-08-09 12:41:18.466
,2026-08-09 12:41:18.486
,2026-08-09 12:41:18.506
,2026-08-09 12:41:18.526
,2026-08-09 12:41:18.546
,2026-08-09 12:41:18.566
,2026-08-09 12:41:18.711
,2026-08-09 12:41:18.746
,2026-08-09 12:41:18.766
,2026-08-09 12:41:18.786
,2026-08-09 12:41:18.806
,2026-08-09 12:41:18.806
,2026-08-09 12:41:18.826
,2026-08-09 12:41:18.846
,2026-08-09 12:41:18.866
,2026-08-09 12:41:19.009
,2026-08-09 12:41:19.026
,2026-08-09 12:41:19.046
,2026-08-09 12:41:19.066
,2026-08-09 12:41:19.086
,2026-08-09 12:41:19.106
,2026-08-09 12:41:19.126
,2026-08-09 12:41:19.146
,2026-08-09 12:41:19.166
,2026-08-09 12:41:19.311
,2026-08-09 12:41:19.346
,2026-08-09 12:41:19.366
,2026-08-09 12:41:19.386
,2026-08-09 12:41:19.406
,2026-08-09 12:41:19.426
,2026-08-09 12:41:19.454
,2026-08-09 12:41:19.494
,2026-08-09 12:41:19.554
